---,ActorName,LocationZ,RotationZ,Scale,Location
Cube,"None","400.000000","30.000000","2.000000","(X=0.000000,Y=0.000000,Z=0.000000)"
Sphere,"None","200.000000","0.000000","1.000000","(X=0.000000,Y=0.000000,Z=0.000000)"
Cone,"None","200.000000","0.000000","1.000000","(X=0.000000,Y=0.000000,Z=0.000000)"
NewRow,"None","0.000000","0.000000","0.000000","(X=2.000000,Y=2.000000,Z=2.000000)"
